,Rn,BCN,PMP,ZGZ,HSC
6,8.388410446491648,8.6704936331891,9.180142301194213,8.42589199796636,8.98498031940866
12,8.330452208823345,8.890247588462017,9.367113275730864,9.983191551046168,10.059384934445644
15,8.366352811772773,8.953784130989238,8.261908226824822,9.616895513331636,9.038370132446287
23,8.285450549835854,9.869286192224381,8.638297263612138,8.229357699130443,8.202278137207031
